{"pages":[{"properties":{"name":"Main Page","width":300,"height":250,"backgroundColor":{"type":"solid","color":"#ffffff"},"pageOpacity":1,"borderColor":{"type":"solid","color":"#000000"},"borderOpacity":1,"fullscreen":false,"isPrimary":true,"numberOfFrames":100,"expandOrigin":"top-left","expandOffsetX":0,"expandOffsetY":0,"isAnimation":false,"feedId":null},"id":"c3","layers":[{"fullscreen":false,"type":"ClickArea","frameManager":{"keyframes":{"0":{"tweenType":"linear","isTweening":false,"isClear":true,"properties":{"x":-15,"y":214.33,"anchorCorner":"middle-center","offsetX":0,"offsetY":0,"width":200,"height":100,"rotation":0}},"36":{"tweenType":"linear","isTweening":false,"isClear":false,"properties":{"x":8,"y":211.29,"anchorCorner":"middle-center","offsetX":0,"offsetY":0,"width":159,"height":28,"rotation":0}}},"frame":36},"properties":{"name":"CTA Click tag","clickTagNumber":"2","instantAd":true,"instantAdVariableName":"CTA_URL","instantAdUrl":"http:\/\/www.justmedia.com","coverFullscreen":false,"fitToStage":"Fit to Stage","anchorToCorner":false,"relativeSize":true,"maintainAspectRatio":false,"rotationOriginX":50,"rotationOriginY":50,"events":[{"cause":"click","clickAction":"clickThrough","clickActionHelperClickTag":"2","clickActionHelperDynamicClickTag":true,"clickActionHelperDynamicClickTagName":"CTA_URL","clickActionHelperDynamicClickTagDefault":"http:\/\/www.justmedia.com"}]},"id":"c6296"},{"fullscreen":false,"type":"ClickArea","frameManager":{"keyframes":{"0":{"tweenType":"linear","isTweening":false,"isClear":true,"properties":{"x":0,"y":-2.67,"anchorCorner":"middle-center","offsetX":0,"offsetY":0,"width":200,"height":100,"rotation":0}},"36":{"tweenType":"linear","isTweening":false,"isClear":false,"properties":{"x":0,"y":0,"anchorCorner":"middle-center","offsetX":0,"offsetY":0,"width":300,"height":250,"rotation":0}}},"frame":36},"properties":{"name":"Main ClickTag","clickTagNumber":"1","instantAd":true,"instantAdVariableName":"clickTag1","instantAdUrl":"http:\/\/www.justmedia.com","coverFullscreen":false,"fitToStage":"Fit to Stage","anchorToCorner":false,"relativeSize":true,"maintainAspectRatio":false,"rotationOriginX":50,"rotationOriginY":50,"events":[{"cause":"click","clickAction":"clickThrough","clickActionHelperClickTag":"1","clickActionHelperDynamicClickTag":true,"clickActionHelperDynamicClickTagName":"clickTag1","clickActionHelperDynamicClickTagDefault":"http:\/\/www.justmedia.com"}]},"id":"c6990"},{"fullscreen":false,"type":"Text","frameManager":{"frame":36,"keyframes":{"0":{"tweenType":"linear","isTweening":false,"isClear":true,"properties":{"x":9,"y":222.33,"anchorCorner":"middle-center","offsetX":0,"offsetY":0,"opacity":1,"rotation":0}},"36":{"tweenType":"linear","isTweening":true,"isClear":false,"properties":{"x":12,"y":255.25,"anchorCorner":"middle-center","offsetX":0,"offsetY":0,"opacity":1,"rotation":0}},"45":{"tweenType":"linear","isTweening":false,"isClear":false,"properties":{"x":9,"y":217.25,"anchorCorner":"middle-center","offsetX":0,"offsetY":0,"opacity":1,"rotation":0}}}},"properties":{"name":"CTA","instantAd":true,"instantAdVariableName":"CTA","text":"FIND OUT MORE","typeface":"_f_2902","fontStyle":0,"fitToBox":true,"fontSize":1,"lineHeight":"","color":{"id":"c10513","type":"solid","options":{},"steps":[],"color":"#ff7302"},"textAlign":"center","vAlign":"middle","scrollable":false,"fitToStage":"Fit to Stage","anchorToCorner":false,"relativeSize":true,"width":149,"height":19,"maintainAspectRatio":true,"rotationOriginX":50,"rotationOriginY":50},"id":"c9823"},{"fullscreen":false,"frameManager":{"frame":36,"keyframes":{"0":{"tweenType":"linear","isTweening":false,"isClear":true,"properties":{"x":-18,"y":126.33,"anchorCorner":"middle-center","offsetX":0,"offsetY":0,"width":200,"height":200,"opacity":1,"rotation":0}},"45":{"tweenType":"easeIn","isTweening":false,"isClear":false,"properties":{"x":7,"y":210.29,"anchorCorner":"middle-center","offsetX":0,"offsetY":0,"width":153,"height":32,"opacity":1,"rotation":0}}}},"type":"Shape","properties":{"name":"Shape","shape":"square","sides":3,"cornerRadius":0,"backgroundColor":{"id":"c3108","type":"solid","options":{},"steps":[],"color":"#080707"},"borderThickness":5,"borderColor":{"type":"solid","color":"#000000"},"fitToStage":"Fit to Stage","anchorToCorner":false,"relativeSize":true,"maintainAspectRatio":false,"rotationOriginX":50,"rotationOriginY":50},"id":"c3002"},{"fullscreen":false,"type":"Text","frameManager":{"frame":36,"keyframes":{"0":{"tweenType":"linear","isTweening":true,"isClear":false,"properties":{"x":-293,"y":98,"anchorCorner":"middle-center","offsetX":0,"offsetY":0,"opacity":1,"rotation":0}},"40":{"tweenType":"easeIn","isTweening":false,"isClear":false,"properties":{"x":5,"y":98,"anchorCorner":"middle-center","offsetX":0,"offsetY":0,"opacity":1,"rotation":0}}}},"properties":{"name":"Headline","instantAd":true,"instantAdVariableName":"Headline","text":"We're the Geeks so you don\u2019t have to be","typeface":"_f_2901","fontStyle":0,"fitToBox":true,"fontSize":1,"lineHeight":"","color":{"id":"c3818","type":"solid","options":{},"steps":[],"color":"#000000"},"textAlign":"center","vAlign":"middle","scrollable":false,"fitToStage":"Fit to Stage","anchorToCorner":false,"relativeSize":true,"width":288,"height":59,"maintainAspectRatio":false,"rotationOriginX":50,"rotationOriginY":50},"id":"c3494"},{"fullscreen":false,"type":"Image","id":"c2489","frameManager":{"frame":36,"keyframes":{"0":{"tweenType":"linear","isTweening":true,"isClear":false,"properties":{"x":-1,"y":-73,"anchorCorner":"middle-center","offsetX":0,"offsetY":0,"width":300,"height":73,"opacity":1,"rotation":0}},"40":{"tweenType":"linear","isTweening":false,"isClear":false,"properties":{"x":-1,"y":1,"anchorCorner":"middle-center","offsetX":0,"offsetY":0,"width":300,"height":73,"opacity":1,"rotation":0}}}},"properties":{"name":"justmedia-black-logo.png","instantAd":true,"instantAdVariableName":"Logo","source":"\/\/framework.flashtalking.net\/assets\/images\/justmedia-black-logo_354530.png","scaling":"fit","fitToCorner":"middle-center","fitToStage":"Fit to Stage","anchorToCorner":false,"relativeSize":true,"maintainAspectRatio":false,"rotationOriginX":50,"rotationOriginY":50},"source":"images\/justmedia-black-logo_354530_500x116.png"},{"fullscreen":false,"frameManager":{"frame":36,"keyframes":{"0":{"tweenType":"linear","isTweening":true,"isClear":false,"properties":{"x":270,"y":280,"anchorCorner":"middle-center","offsetX":0,"offsetY":0,"width":29,"height":29,"opacity":1,"rotation":0}},"40":{"tweenType":"linear","isTweening":false,"isClear":false,"properties":{"x":267,"y":216,"anchorCorner":"middle-center","offsetX":0,"offsetY":0,"width":29,"height":29,"opacity":1,"rotation":0}}}},"type":"YouTube","properties":{"name":"YouTube button","clickTagNumber":"4","instantAd":true,"instantAdVariableName":"youtube","instantAdUrl":"https:\/\/www.youtube.com\/user\/JustMediaInc01","fitToStage":"Fit to Stage","anchorToCorner":false,"relativeSize":true,"rotationOriginX":64.29,"rotationOriginY":51.72,"events":[{"cause":"click","clickAction":"clickThrough","clickActionHelperClickTag":"4","clickActionHelperDynamicClickTag":true,"clickActionHelperDynamicClickTagName":"youtube","clickActionHelperDynamicClickTagDefault":"https:\/\/www.youtube.com\/user\/JustMediaInc01"}]},"id":"c7823"},{"fullscreen":false,"frameManager":{"frame":36,"keyframes":{"0":{"tweenType":"linear","isTweening":true,"isClear":false,"properties":{"x":236,"y":279.25,"anchorCorner":"middle-center","offsetX":0,"offsetY":0,"width":30,"height":30,"opacity":1,"rotation":0}},"40":{"tweenType":"linear","isTweening":false,"isClear":false,"properties":{"x":235,"y":215.25,"anchorCorner":"middle-center","offsetX":0,"offsetY":0,"width":30,"height":30,"opacity":1,"rotation":0}}}},"type":"Twitter","properties":{"name":"Twitter button","clickTagNumber":"2","instantAd":true,"instantAdVariableName":"twitter","instantAdUrl":"https:\/\/twitter.com\/justmediaus","fitToStage":"Fit to Stage","anchorToCorner":false,"relativeSize":true,"rotationOriginX":50,"rotationOriginY":50,"events":[{"cause":"click","clickAction":"clickThrough","clickActionHelperClickTag":"2","clickActionHelperDynamicClickTag":true,"clickActionHelperDynamicClickTagName":"twitter","clickActionHelperDynamicClickTagDefault":"https:\/\/twitter.com\/justmediaus"}]},"id":"c7278"},{"fullscreen":false,"type":"Image","id":"c3914","frameManager":{"frame":36,"keyframes":{"0":{"tweenType":"linear","isTweening":false,"isClear":false,"properties":{"x":0,"y":0,"anchorCorner":"middle-center","offsetX":0,"offsetY":0,"width":300,"height":250,"opacity":0.11,"rotation":0}}}},"properties":{"name":"justmedia-bug-transparent.png","instantAd":true,"instantAdVariableName":"BackgroundImage","source":"\/\/framework.flashtalking.net\/assets\/images\/justmedia-bug-transparent_354527.png","scaling":"fit","fitToCorner":"middle-center","fitToStage":"Fit to Stage","anchorToCorner":false,"relativeSize":true,"maintainAspectRatio":true,"rotationOriginX":50,"rotationOriginY":50},"source":"images\/justmedia-bug-transparent_354527_84x85.png"},{"fullscreen":false,"frameManager":{"frame":36,"keyframes":{"0":{"tweenType":"linear","isTweening":true,"isClear":false,"properties":{"x":203,"y":280.27,"anchorCorner":"middle-center","offsetX":0,"offsetY":0,"width":29,"height":29,"opacity":1,"rotation":0}},"40":{"tweenType":"linear","isTweening":false,"isClear":false,"properties":{"x":203,"y":216.27,"anchorCorner":"middle-center","offsetX":0,"offsetY":0,"width":29,"height":29,"opacity":1,"rotation":0}}}},"type":"Facebook","properties":{"name":"Facebook button","clickTagNumber":"1","instantAd":true,"instantAdVariableName":"facebook","instantAdUrl":"https:\/\/www.facebook.com\/justmediainc","fitToStage":"Fit to Stage","anchorToCorner":false,"relativeSize":true,"rotationOriginX":50,"rotationOriginY":50,"events":[{"cause":"click","clickAction":"clickThrough","clickActionHelperClickTag":"1","clickActionHelperDynamicClickTag":true,"clickActionHelperDynamicClickTagName":"facebook","clickActionHelperDynamicClickTagDefault":"https:\/\/www.facebook.com\/justmediainc"}]},"id":"c7043"}],"actions":{"frameManager":{"frame":0,"keyframes":[]},"type":"Action","name":"Actions","properties":{"name":"Action"},"id":"actionsLayer"},"displayGuidelines":true,"requiredComponents":{},"linkedPages":[],"containedAnimationPages":[],"reachable":true}],"unusedPages":{},"retina":true,"optimizeFonts":true,"additionalVideos":{},"requiredComponents":{"ClickTag":true,"ClickArea":false,"CloseButton":false,"Video":false,"Text":true,"Carousel":false,"Animation":false,"Image":true,"ThreeDCube":false,"Shape":true,"SubmitButton":false,"InputField":false,"FeedCarousel":false,"FeedLocationCarousel":false,"FeedLocationInputField":false,"FeedLocationSubmitButton":false,"FeedLocationGPS":false,"Map":false,"YouTube":true,"Twitter":true,"Facebook":true},"fonts":{"html":[{"name":"2902_tt0756m","swf":"https:\/\/jx-services.s3.amazonaws.com\/font-production\/d\/0\/ada006a234cad1e4c38936aa120a1cv013\/webify\/aVAGRoundedBTRegular.swf","ttf":"https:\/\/jx-services.s3.amazonaws.com\/font-production\/d\/0\/ada006a234cad1e4c38936aa120a1cv013\/webify\/aVAGRoundedBTRegular.ttf","woff":"https:\/\/jx-services.s3.amazonaws.com\/font-production\/d\/0\/ada006a234cad1e4c38936aa120a1cv013\/webify\/aVAGRoundedBTRegular.woff","eot":"https:\/\/jx-services.s3.amazonaws.com\/font-production\/d\/0\/ada006a234cad1e4c38936aa120a1cv013\/webify\/aVAGRoundedBTRegular.eot","svg":"https:\/\/jx-services.s3.amazonaws.com\/font-production\/d\/0\/ada006a234cad1e4c38936aa120a1cv013\/webify\/aVAGRoundedBTRegular.svg","alias":"_f_2902"},{"name":"2901_vagroundedltpro-light","swf":"https:\/\/jx-services.s3.amazonaws.com\/font-production\/7\/d\/75212d7a449574ebf265a0b8a7ef21v013\/webify\/aVAGRoundedLTProLight.swf","ttf":"https:\/\/jx-services.s3.amazonaws.com\/font-production\/7\/d\/75212d7a449574ebf265a0b8a7ef21v013\/webify\/aVAGRoundedLTProLight.ttf","woff":"https:\/\/jx-services.s3.amazonaws.com\/font-production\/7\/d\/75212d7a449574ebf265a0b8a7ef21v013\/webify\/aVAGRoundedLTProLight.woff","eot":"https:\/\/jx-services.s3.amazonaws.com\/font-production\/7\/d\/75212d7a449574ebf265a0b8a7ef21v013\/webify\/aVAGRoundedLTProLight.eot","svg":"https:\/\/jx-services.s3.amazonaws.com\/font-production\/7\/d\/75212d7a449574ebf265a0b8a7ef21v013\/webify\/aVAGRoundedLTProLight.svg","alias":"_f_2901"}],"characters":[]},"feeds":[]}